Month,Average Volatility
2023-01,0.17537024948266217
2023-02,0.16569527223281863
2023-03,0.17222530000331618
2023-04,0.13354877252395195
2023-05,0.14052002981674436
2023-06,0.1255676465391183
2023-07,0.10791187838171361
2023-08,0.12041581080067552
2023-09,0.124821168454412
2023-10,0.13681104144178313
2023-11,0.14661806661402207
2023-12,0.11222893275116838
